{
    "value0": {
        "T_imu_cam": [
            {
                "px": 0.010699018836021424,
                "py": 0.00006328115705400705,
                "pz": -0.0001302624004893005,
                "qx": 0.006092851139009223,
                "qy": -0.001926437254343051,
                "qz": 0.9999752450081701,
                "qw": -0.002945399014233239
            },
            {
                "px": -0.052515171468257907,
                "py": -0.0006470371154136956,
                "pz": 0.0002651526010595262,
                "qx": 0.004520501120973716,
                "qy": -0.0027523622878595878,
                "qz": 0.999984737436354,
                "qw": -0.0015857067187877857
            }
        ],
        "intrinsics": [
            {
                "camera_type": "kb4",
                "intrinsics": {
                    "fx": 287.8330078125,
                    "fy": 287.7554931640625,
                    "cx": 417.572509765625,
                    "cy": 388.9027099609375,
                    "k1": -0.010653950273990631,
                    "k2": 0.0528409406542778,
                    "k3": -0.05221889913082123,
                    "k4": 0.011370490305125714
                }
            },
            {
                "camera_type": "kb4",
                "intrinsics": {
                    "fx": 286.71551513671877,
                    "fy": 286.59619140625,
                    "cx": 415.77630615234377,
                    "cy": 392.9407958984375,
                    "k1": -0.007644209079444408,
                    "k2": 0.041649989783763888,
                    "k3": -0.039111148566007617,
                    "k4": 0.006238310132175684
                }
            }
        ],
        "resolution": [
            [
                848,
                800
            ],
            [
                848,
                800
            ]
        ],
        "calib_accel_bias": [
            -0.11058755218982697,
            -0.03743303194642067,
            0.07769011706113816,
            0.005218505859375,
            0.0,
            0.0,
            0.011119723320007325,
            0.0,
            0.024125099182128907
        ],
        "calib_gyro_bias": [
            0.0032890979200601579,
            -0.004236833658069372,
            -0.0003943581541534513,
            -0.0027616024017333986,
            0.0,
            0.0,
            0.0,
            -0.0016800165176391602,
            0.0,
            0.0,
            0.0,
            -0.004866540431976318
        ],
        "imu_update_rate": 200.0,
        "accel_noise_std": [
            0.008182447828798795,
            0.008182447828798795,
            0.008182447828798795
        ],
        "gyro_noise_std": [
            0.002268927090244338,
            0.002268927090244338,
            0.002268927090244338
        ],
        "accel_bias_std": [
            0.009999999873689375,
            0.009999999873689375,
            0.009999999873689375
        ],
        "gyro_bias_std": [
            0.0007071067802939111,
            0.0007071067802939111,
            0.0007071067802939111
        ],
        "cam_time_offset_ns": 0,
        "vignette": []
    }
}